{
    "createuser": {
        "userName": {
            "required": "User Name is required"
        },
        "password": {
            "required": "password is required"
        },
        "firstName": {
            "required": "First Name is required"
        },
        "lastName": {
            "required": "Last Name is required"
        },
        "emailId": {
            "required": "Email Id is required",
            "email": "Please enter valid EmailId"
        },
        "phoneNumber": {
            "required": "Phone Number is required"
        },
        "userGroupId": {
            "required": "UserGroup is required"
        },
        "userACLId": {
            "required": "ACL is required"
        }
    },
    "modifyuser": {
        "userName": {
            "required": "User Name is required"
        },
        
        "firstName": {
            "required": "First Name is required"
        },
        "lastName": {
            "required": "Last Name is required"
        },
        "emailId": {
            "required": "Email Id is required",
            "email": "Please enter valid EmailId"
        },
        "phoneNumber": {
            "required": "Phone Number is required"
            
        },
        "userGroupId": {
            "required": "UserGroup is required"
        },
        "userACLId": {
            "required": "ACL is required"
        },
        "status": {
            "required": "Status is required"
        }
       
    },
    "modifygroup": {
        "roleName": {
            "required": "UserGroup Name is required"
        }
    },
    "addAppliance":{
        "applianceName":{
            "required" : "Appliance Name is required"
        },
        "authID":{
            "required" : "REST-auth ID is required"
        },
        "serialNumber":{
            "required" : "Serial Number is required"
        },
        "ipmiIP":{
            "required" : "IPMI IP is required"
        },
        "ipAddress":{
            "required" : "IP address is required"
        },
        "userName":{
            "required" : "User Name is required"
        },
        "userPassword":{
            "required" : "Password is required"
        },
        "cityName":{
            "required" : "City Name is required"
        }
       
        }
        
}