{
    "createuser": {
        "userName": {
            "required": "User Name is required",
            "invalidAplhaNumeric1": "usermanagement.create-users.enter-alphabets",
            "maxlength": "Please enter less than 32 Characters"
        },
        "password": {
            "required": "Password is required",
            "minlength": "Password length should be between 7 and 32 characters",
            "maxlength": "Password length should be between 7 and 32 characters"
        },
        "firstName": {
            "required": "First Name is required",
            "invalidAplhaNumeric1": "usermanagement.create-users.enter-alphabets",
            "maxlength": "Please enter less than 32 Characters"
        },
        "lastName": {
            "required": "Last Name is required",
            "invalidAplhaNumeric1": "usermanagement.create-users.enter-alphabets",
            "maxlength": "Please enter less than 32 Characters"
        },
        "emailId": {
            "required": "Email Id is required",
            "invalidEmail": "usermanagement.create-users.valid-email"
        },
        "phoneNumber": {
            "required": "Phone Number is required",
            "invalidPhoneNumber": "usermanagement.create-users.valid-phone"
        },
        "userGroupId": {
            "required": "UserGroup is required"
        },
        "userACLId": {
            "required": "ACL is required"
        },
        "confirmPassword": {
            "required": "Confirm Password is required",
            "invalidConfirmPassword": "Password and Confirm Password should be same"
        }
    },
    "modifyuser": {
        "userName": {
            "required": "User Name is required"
        },
        "firstName": {
            "required": "First Name is required",
            "invalidAplhaNumeric1": "usermanagement.create-users.enter-alphabets"
        },
        "lastName": {
            "required": "Last Name is required",
            "invalidAplhaNumeric1": "usermanagement.create-users.enter-alphabets"
        },
        "emailId": {
            "required": "Email Id is required",
            "invalidEmail": "usermanagement.create-users.valid-email"
        },
        "phoneNumber": {
            "required": "Phone Number is required",
            "invalidPhoneNumber": "usermanagement.create-users.valid-phone"
        },
        "userGroupId": {
            "required": "UserGroup is required"
        },
        "userACLId": {
            "required": "ACL is required"
        },
        "status": {
            "required": "Status is required"
        }
    },
    "modifygroup": {
        "roleName": {
            "required": "User Group Name is required",
            "invalidGroupName": "Use letters, number and underscore characters."
        }
    },
    "addAppliance": {
        "applianceName": {
            "required": "Please enter valid Appliance Name",
            "invalidAplhaNumeric": "Use letters, number and underscore characters.",
            "maxlength": "Please enter less than 32 Characters"
        },
        "authID": {
            "required": "Please enter valid REST auth ID or leave blank, to apply default",
            "invalidRestAuthID": "Allowed characters  a-z, A-Z, 0-9, _ and - ",
            "maxlength": "Please enter less than 100 Characters"
        },
        "serialNumber": {
            "required": "Please enter appliance serial number",
            "invalidAplhaNumeric": "Please enter Alphanumeric value",
            "maxlength": "Please enter less than 17 Characters"
        },
        "ipmiIP": {
            "required": "Please enter valid IPMI IP address"
        },
        "ipAddress": {
            "required": "IP Address is required",
            "invalidIp": "Please enter valid Ip Address"
        },
        "userName": {
            "required": "User Name is required"
        },
        "userPassword": {
            "required": "password is required"
        },
        "operationUsername": {
            "required": "Please enter valid Crypto Officer Name",
            "invalidUsername": "Allowed characters a-z, A-Z, 0-9 and _ ",
            "maxlength": "Please enter less than 32 Characters"
        },
        "operationPassword": {
            "required": "Please enter valid Crypto Officer Password",
            "invalidPassword": "Allowed characters a-z, A-Z, 0-9, !,@,#,$,%,^,* and & "
        },
        "cityName": {
            "required": "Zone Name is required",
            "invalidZoneName": "Allowed characters  a-z, A-Z, 0-9, _ and - ",
            "maxlength": "Please enter less than 32 Characters"
        },
        "zoneId": {
            "required": "Zone ID is required",
            "isValidZoneID": "Please enter a value between 1 and 1000"
        },
        "dualFactorAuthServerPortNo": {
            "required": "2-factor auth server port no. is required",
            "isNumberCheck" : "Please enter only numeric values"
        },
        "fipsState":{
            "required": "Fips State is required"
        }
    },
    "add-by-discovery": {
        "ipAddress": {
            "required": "IP Address Name is required",
            "invalidIp":"Please enter valid Ip Address"
        },
        "ipAddressStartingRange": {
            "required": "Start range is required",
            "invalidIp":"Please enter valid Ip Address"
        },
        "ipAddressEndRange": {
            "required": "End range is required",
            "invalidIp":"Please enter valid Ip Address"
        }
    },
    "initialize": {
        "cryptoOffName": {
            "required": "Crypto Officer Name is required"
        },
        "cryptoOffPwd": {
            "required": "Crypto Officer Password is required",
            "minlength": "Password length should be between 7 and 32 characters",
            "maxlength": "Password length should be between 7 and 32 characters"
        },
        "confirmPwd": {
            "required": "Confirm-Crypto Officer Password is required"
        },
        "authLevel": {
            "required": "Authentication Level is required"
        },
        "fipsState": {
            "required": "FIPS State is required"
        },
        "authServerAddress": {
            "required": "2-factor auth server address is required"
        },
        "authServerPortNo": {
            "required": "2-factor auth server port number is required"
        },
        "authServerCert": {
            "required": "2-factor auth server certificate is required"
        },
        "logFailureCount": {
            "maxLength": "Log Failure Count maxlength should be 20",
            "minLength": "Log Failure Count minlength should be more than 1"
        },
        "minPwdLength": {
            "maxLength": " maxlength should be 14",
            "minLength": "minlength should be more than 7"
        }
    },
    "changepassword": {
        "oldPassword": {
            "required": "Old Password is required"
        },
        "newPassword": {
            "required": "New Password is required"
        },
        "ConfirmPassword": {
            "required": "Confirm Password is required"
        }
    },
    "login": {
        "username": {
            "required": "User Name is required"
        },
        "password": {
            "required": "Password is required"
        },
        "dualFactorAuthServerPortNo": {
            "required": "2-factor auth server port no. is required",
            "isNumberCheck" : "Please enter only numeric values"
        }
      
    },
    "monitorlogin": {
        "operationUsername": {
            "required": "User Name is required"
        },
        "operationPassword": {
            "required": "password is required"
        }
    },
    "createPartition": {
        "partitionName": {
            "required": "Partition Name is required",
            "invalidAplhaNumeric": "partitionmanagement.CreateNewPartition.partition-name-msg"
        },
        "csr": {
            "required": "Csr is required",
            "invalidAplhaNumeric1": "partitionmanagement.CreateNewPartition.alphanumeric-value"
        },
        "keys": {
            "required": "Keys is required",
            "max": "Entered value is more than available Keys"
        },
        "sslContexts": {
            "required": "SSL Contexts is required",
            "max": "Entered value is more than available SSLContexts"
        },
        "acclrDev": {
            "required": "Acceleration Devices is required",
            "max": "Entered value is more than available Accleration Devices"
        },
        "wrap": {
            "required": "Wrap is required"
        },
        "backup": {
            "required": "backup is required"
        },
        "address": {
            "required": "Mac Address is required"
        },
        "networkStats": {
            "general": {
                "eth0": {
                    "ip": {
                        "required": "Ip Address is required"
                    }
                }
            }
        }
    },
    "changepassword1": {
        "OldPassword1": {
            "required": "Old Password is required"
        },
        "NewPassword1": {
            "required": "New Password is required"
        },
        "ConfirmPassword1": {
            "required": "Confirm Password is required"
        }
    },
    "login1": {
        "operationUsername": {
            "required": "User Name is required"
        },
        "operationPassword": {
            "required": "password is required"
        }
    },
    "createCluster": {
        "clusterName": {
            "required": "Cluster Name is required"
        }
    },
    "snmpvalid": {
        "uname": {
            "required": "User Name is required",
            "invalidAplhaNumeric" : "Please enter Alphanumeric value"
        },
        "snmpip": {
            "required": "Manager ip is required",
            "invalidIp":"Please enter valid Ip Address"
        },
        "port": {
            "required": "Manager port is required"
        },
        "engineId": {
            "required": "engine id required"
        },
        "password": {
            "required": "password is required"
        }
    },
    "networkSettings": {
        "ipAddress": {
            "required": "IpAddress is required",
            "invalidIp": "Please enter valid IpAddress"
        },
        "gatewayIp": {
            "required": "GatewayIp is required",
            "invalidIp": "Please enter valid gatewayIp Address"
        },
        "subnetMask": {
            "required": "Subnet Mask is required",
            "invalidIp": "Please enter valid subnet mask"
        },
        "macAddress": {
            "required": "Mac Address is required",
            "invalidMacAddress": "Please enter valid MacAddress"
        },
        "hostName": {
            "invalidHostname": "Please enter valid HostName"
        }
    }
}