{
    "createuser": {
        "userName": {
            "required": "User Name is required"
        },
        "password": {
            "required": "password is required"
        },
        "firstName": {
            "required": "First Name is required"
        },
        "lastName": {
            "required": "Last Name is required"
        },
        "emailId": {
            "required": "Email Id is required",
            "email": "Please enter valid Email Address"
        },
        "phoneNumber": {
            "required": "Phone Number is required"
        },
        "userGroupId": {
            "required": "UserGroup is required"
        },
        "userACLId": {
            "required": "ACL is required"
        },
        "confirmPassword": {
            "required": "Confirm Password is required"
        }
    },
    "modifyuser": {
        "userName": {
            "required": "User Name is required"
        },
        "firstName": {
            "required": "First Name is required"
        },
        "lastName": {
            "required": "Last Name is required"
        },
        "emailId": {
            "required": "Email Id is required",
            "email": "Please enter valid EmailId"
        },
        "phoneNumber": {
            "required": "Phone Number is required"
        },
        "userGroupId": {
            "required": "UserGroup is required"
        },
        "userACLId": {
            "required": "ACL is required"
        },
        "status": {
            "required": "Status is required"
        }
    },
    "modifygroup": {
        "roleName": {
            "required": "User Group Name is required"
        }
    },
    "addAppliance": {
        "applianceName": {
            "required": "Use letters, number and underscore characters."
        },
        "authID": {
            "required": "Please enter valid REST auth ID or leave blank, to apply default"
        },
        "serialNumber": {
            "required": "Please enter appliance serial number"
        },
        "ipmiIP": {
            "required": "Please enter valid IPMI IP address"
        },
        "ipAddress": {
            "required": "IP Address is required"
        },
        "userName": {
            "required": "User Name is required"
        },
        "userPassword": {
            "required": "password is required"
        },
        "operationUsername": {
            "required": "Please enter valid Crypto Officer Name"
        },
        "operationPassword": {
            "required": "Please enter valid Crypto Officer Password"
        },
        "cityName": {
            "required": "Zone Name is required"
        },
        "zoneId": {
            "required": "Zone ID is required"
        }
    },
    "add-by-discovery": {
        "ipAddress": {
            "required": "IP Address Name is required"
        },
        "ipAddressStartingRange": {
            "required": "Start range is required"
        },
        "ipAddressEndRange": {
            "required": "End range is required"
        }
    },
    "initialize": {
        "cryptoOffName": {
            "required": "Crypto Officer Name is required"
        },
        "cryptoOffPwd": {
            "required": "Crypto Officer Password is required"
        },
        "confirmPwd": {
            "required": "Confirm-Crypto Officer Password is required"
        },
        "authLevel": {
            "required": "Authentication Level is required"
        },
        "fipsState": {
            "required": "FIPS State is required"
        },
        "authServerAddress": {
            "required": "2-factor auth server address is required"
        },
        "authServerPortNo": {
            "required": "2-factor auth server port number is required"
        },
        "authServerCert": {
            "required": "2-factor auth server certificate is required"
        },
        "logFailureCount": {
            "maxLength": "Log Failure Count maxlength should be 20",
            "minLength": "Log Failure Count minlength should be more than 1"
        },
        "minPwdLength": {
            "maxLength": " maxlength should be 14",
            "minLength": "minlength should be more than 7"
        }
    },
    "changepassword": {
        "oldPassword": {
            "required": "Old Password is required"
        },
        "newPassword": {
            "required": "New Password is required"
        },
        "ConfirmPassword": {
            "required": "Confirm Password is required"
        }
    },
    "login": {
        "username": {
            "required": "User Name is required"
        },
        "password": {
            "required": "password is required"
        }
    },
    "monitorlogin": {
        "operationUsername": {
            "required": "User Name is required"
        },
        "operationPassword": {
            "required": "password is required"
        }
    },
    "createPartition": {
        "partitionName": {
            "required": "Partition Name is required"
        },
        "csr": {
            "required": "Csr is required"
        },
        "keys": {
            "required": "Keys is required"
        },
        "sslContexts": {
            "required": "SSL Contexts is required"
        },
        "acclrDev": {
            "required": "Acceleration Devices is required"
        },
        "wrap": {
            "required": "Wrap is required"
        },
        "backup": {
            "required": "backup is required"
        },
        "address":{
            "required": "Mac Address is required"
        },
        "networkStats":{
            "general":{
              "eth0":{
                "ip":{
                    "required": "Ip Address is required"
                }
              }
            }
          }
    },
    "changepassword1": {
        "OldPassword1": {
            "required": "Old Password is required"
        },
        "NewPassword1": {
            "required": "New Password is required"
        },
        "ConfirmPassword1": {
            "required": "Confirm Password is required"
        }
    },
    "login1": {
            "operationUsername": {
                "required": "User Name is required"
            },
            "operationPassword": {
                "required": "password is required"
            }
        },
    "createCluster": {
        "clusterName": {
            "required": "Cluster Name is required"
        }
    },
    "snmpvalid": {
        "uname": {
            "required": "User Name is required"
        },
        "snmpip":{
          "required":"Manager ip is required"
        },
        "port":{
            "required":"Manager port is required"
        },
        "engineId":{
            "required":"engine id required"
        },
        "password":{
            "required":"password is required"
            
        }      
    }

}